1.06030452620323,1.70682097209888,1.46582578743373,1.47324313470873,1.50996374464812,1.6333238331551,1.81014995840294,1.59357229408571,1.70659746560534,1.48379251546445,1.46038698164953,1.55999839762293,1.62085195731948,1.79030523827078
0.992623702533373,1.37099683468061,1.26243270609538,1.43817009890004,1.23093996571933,1.61936130607204,1.58802431628189,1.39357018919488,1.39307409941601,1.28471824316998,1.47082922041518,1.27782818552873,1.63512629255032,1.58799923160064
0.972934472512026,1.36028822684266,1.25323513931278,1.4006804397099,1.21229717102713,1.48943486046321,1.59376833970702,1.27537493786115,1.35337282945185,1.24643805501412,1.3946620208227,1.26007347211393,1.48987705847531,1.56436061330474
1.05595612169026,1.53219492529648,1.37293197123396,1.5889731433419,1.43848241009843,1.53423071131207,1.68860620014942,1.4578959533526,1.54651540435444,1.32085334614101,1.59011295047112,1.43161542232727,1.58054586302402,1.6630473193771
0.962412268641993,1.49573991508766,1.34646631694609,1.44048908565726,1.37481521819339,1.53361599008849,1.60308677494433,1.47526001747158,1.536055697232,1.36741571884601,1.44838077837183,1.43412446627131,1.53629462891593,1.6518155354336
1.02231918630146,1.64530913862034,1.36970364776006,1.49676698638874,1.40333209763792,1.71257998697473,1.80438147282148,1.57227215332406,1.66385925378891,1.35817774758018,1.51969143796742,1.38407886938407,1.7231887582621,1.75567898449885
0.975313344930249,1.66104172981871,1.38867686803946,1.51824788325529,1.42290036444319,1.51795421359016,1.76233454663752,1.54667957919458,1.61268931218403,1.37849686075951,1.53524699320949,1.43148535941061,1.51123244204099,1.72449339517118
1.02927660388606,1.58248465682461,1.37940441342757,1.6533037194125,1.48893438779415,1.54467789795921,1.69504526866967,1.52265838113779,1.54546799365489,1.36847277266591,1.62924484084777,1.47235035350546,1.57878104492156,1.64917478929721
1.09723249256336,1.82723149132852,1.47594379283944,1.92335768324879,1.52092911046463,2.08896268656172,2.15516649734557,1.67405376005449,1.84255986553785,1.5025896456218,1.81816478181969,1.56143210157699,2.02336718671176,2.14106880333981
1.02513173264517,1.58839475190431,1.44701721256918,1.64653843993114,1.52474749408742,1.62336581306509,1.77469550750748,1.55399083517575,1.55933832871677,1.43087637091505,1.58301806102985,1.50646562166562,1.61288968283986,1.79111592655638
1.00853648236612,1.5585255133882,1.28395065261684,1.56463126018235,1.3916786090744,1.60647884779135,1.69831798244015,1.49960257456853,1.59223216189902,1.29812744841576,1.44973230399584,1.39754386824093,1.58360282637168,1.70271627116723
0.952885169254721,1.39038264621748,1.28774414747627,1.38221948568964,1.30464254470972,1.44572092039245,1.51543131901533,1.33299459303862,1.38115009296224,1.28897370101868,1.39030701554183,1.30425830358753,1.44647887503364,1.54342018865964
1.00769262296335,1.481481305757,1.33308947424245,1.40901002807268,1.30147156079978,1.41849256285152,1.6384735270778,1.42200139334672,1.4919311005343,1.29131827151083,1.45019276990839,1.2820353851098,1.48476679169849,1.62503428457889
1.10498647033908,1.51919105585822,1.43280203823339,1.58061890313287,1.40703779842219,1.61897957001702,1.62986082568617,1.51860120878191,1.53152084914983,1.40741305797019,1.56582636382348,1.37435181806421,1.65431894752473,1.62508991338981
1.02630004927278,1.57147578516278,1.43134243425949,1.48608459497607,1.41918153916938,1.4594608841978,1.65171083068392,1.45471498067862,1.5282109700296,1.29482271525266,1.50612244799464,1.34259050942837,1.45699904854037,1.6523883578449
1.01870898855111,1.52189714346515,1.36412402048071,1.72994550070733,1.43712085172963,1.52836937971744,1.7182969502492,1.4002027222782,1.53661033527317,1.36855109236057,1.69115631544966,1.46300031294562,1.59863966016938,1.73080240956885
1.00480602926283,1.6163120583183,1.42332982824529,1.48209740981013,1.49814890008753,1.56112395687253,1.82370184930914,1.5001861422725,1.58344347753299,1.39974205484872,1.5326087184677,1.48052114093788,1.55239260373031,1.78018849465859
1.03167974959322,1.5029851889114,1.32962838280075,1.45306145209892,1.39246078182146,1.53257085540877,1.75323247114163,1.46228223840263,1.44193465435502,1.27726395044278,1.54134923795891,1.39064906339779,1.49125418033385,1.68691641929975
1.09762773664654,1.46381569734157,1.34793080203417,1.33452404901009,1.39958851577518,1.48372758691375,1.51747188265309,1.41948160945565,1.54621847162325,1.38203178637499,1.37041569542099,1.47000078358519,1.51732126991599,1.54880195866983
0.93344345011894,1.43395173599323,1.31446182540345,1.51486711216616,1.33010639608274,1.48209479139686,1.57428026499557,1.43105094286143,1.4919352041662,1.28226106344519,1.52959712130255,1.32984577849777,1.47495596628484,1.57168759227811
0.923281640683611,1.52122715549656,1.30902442974053,1.49834681913702,1.33963077920819,1.47586764786519,1.69730296380896,1.57786738659353,1.49646254586284,1.30025149037945,1.42484843597979,1.36071038203031,1.48112717844102,1.69961055139788
1.00425004157969,1.5381994563762,1.36132943148775,1.38458592929681,1.41546749159792,1.43453077529778,1.58370578749497,1.45178075681663,1.50684289341168,1.36776314479559,1.51574666279028,1.43981567103965,1.39372599703992,1.58407234799156
1.04699503988882,1.48062398806238,1.39860336692732,1.49876448564981,1.44129418655856,1.43179464900404,1.6482662566727,1.39159906469219,1.47564092826479,1.32077279474374,1.59119221540564,1.41560598052132,1.42020052568333,1.58995437075488
0.933822309970856,1.42212601814122,1.27572227460392,1.41348303225398,1.33208960680667,1.37309777764674,1.52455488754523,1.36041677052572,1.41389741817329,1.28235848272651,1.37876832003545,1.32296067566235,1.3313444108926,1.49245632510436
1.09031008630991,1.75510814085648,1.42110935234206,1.79755553206341,1.53688790874559,1.8065165880374,1.94735605174042,1.75000068768138,1.82468010579517,1.43180638158974,1.70953328514445,1.49164887942621,1.80834290279454,1.97142025411601
0.882487624883652,1.57729135229325,1.42849855747001,1.56599733137778,1.4655629975827,1.69462345510571,1.76461713699489,1.54522095890092,1.67549482078313,1.44259100709966,1.62253782940194,1.54947171458587,1.71869534359303,1.78318863640363
0.909534551603282,1.4662984068479,1.33028367899292,1.34688330103995,1.36770043321951,1.48756603793737,1.63153977997719,1.47565732606128,1.48599052403676,1.31133762553369,1.40012948957769,1.36807753570923,1.46096051957807,1.61285857198033
0.973194994679661,1.62382883585615,1.4169136013888,1.57463820292351,1.44821802500539,1.56072325152762,1.73974288404402,1.60082598173157,1.5947306957308,1.38559013836014,1.41428858018111,1.44361047199915,1.54492961422294,1.72906423000449
1.0033612446742,1.47682321771083,1.28025251763628,1.5678470311506,1.33665917939147,1.57842338020487,1.69133343433088,1.41704010502757,1.49701901303643,1.2976132200519,1.41454166973777,1.38103183308915,1.6081049986013,1.62373461158289
1.00813894634494,1.47062236734752,1.29905232180749,1.53948614014678,1.2399186973726,1.50381882168272,1.64245001392425,1.38381041884811,1.50737126703254,1.30879700994242,1.52364472518365,1.32384375510511,1.52075541855319,1.59415167296855
0.820467690149943,1.66596978350404,1.31052518994271,1.82699827232642,1.3259061623892,1.83632515270195,1.90003996552934,1.64097583942584,1.60239086003364,1.21101305264573,1.72713570403564,1.28140644106473,1.86247615167073,1.86841339050288
1.05768002249464,1.76872465405478,1.51806304962814,1.70364014585308,1.57104484771747,1.65563684852627,1.8842244123926,1.61676862692386,1.73642168107806,1.44370656713794,1.65540479907492,1.55111931819501,1.72681237065742,1.88369851966296
1.00850434815884,1.33376276008019,1.25664629364912,1.32292170488273,1.24602096383436,1.36314026251204,1.47046637690129,1.30860805096573,1.36228682139094,1.25305272865592,1.33954565083466,1.25756304165851,1.34659100007668,1.44200456113088
1.12933606265196,1.48653530294566,1.32849107540761,1.37132129506886,1.36533727741723,1.4904557594124,1.47011333669391,1.51516251206194,1.53112843836254,1.32549856415673,1.36991052547052,1.39415568059162,1.46876855515517,1.53338004095136
1.04667388658504,1.64905403234971,1.45699746689439,1.63657790450993,1.4711124458647,1.52214474494273,1.71830808890071,1.57073634474426,1.61692508812585,1.43200924934212,1.60177093481814,1.42445382858381,1.499286179452,1.74486783428561
0.857369549178903,1.38532694160674,1.19575142644649,1.41533620955826,1.27167676056602,1.40093040541401,1.60068970333158,1.30361306423427,1.39095255341936,1.18381675853633,1.44501895449718,1.26606425480213,1.35855983019523,1.54473978062264
0.926215280925881,1.33451062676704,1.24293715818539,1.44613289501932,1.26028277844879,1.51508508996329,1.56511398418383,1.32422176130124,1.39170753154948,1.31143755051199,1.47064614593983,1.35949622527899,1.47703459916462,1.56800068141571
0.975352033172422,1.28372211484249,1.19282970266052,1.43077513503118,1.19398372569853,1.45666534382871,1.49458963200781,1.23245266273984,1.2556705818211,1.22627447254219,1.3970888124212,1.21686779844609,1.43376880925277,1.45040770402647
0.914892132269157,1.41300210604149,1.2947565895352,1.39898151797908,1.34447787131218,1.39424797830406,1.55053330777662,1.43882868408554,1.34865468400041,1.25090455477695,1.42466981715934,1.27216795980368,1.40594266679118,1.49926229688394
1.09731491466067,1.7939532405497,1.514954150212,1.83747360500068,1.50053571267047,1.97840569574924,2.01586875459179,1.88629332263136,1.87900810779618,1.46501174128776,1.78571133862019,1.5265894569136,1.85836534319084,1.95018995102839
1.09158770565795,1.624236164629,1.47484770894146,1.55436326075809,1.53394241105957,1.58119726020832,1.6921663904469,1.53183746957228,1.71127892009652,1.52361611552317,1.47431563688346,1.61021068465015,1.55654191828774,1.67633026667521
0.814770632605443,1.43499825202853,1.31285116855259,1.30024921198686,1.31901457524837,1.34137542314789,1.58325823781996,1.47053762797916,1.453616675406,1.30668879693087,1.33891752666844,1.34402177027204,1.41232400213308,1.59047051366115
1.00120039629133,1.3472021068789,1.30703616913982,1.35878329369555,1.29945306550974,1.35412657667131,1.48623047799639,1.31514926153233,1.39055681038857,1.28516082487661,1.37450510180835,1.30876520190376,1.32876693589736,1.46313174465495
0.886739446757696,1.4667906308318,1.38506463007771,1.48435098147607,1.34256068119276,1.58067766346995,1.75724600044982,1.35038457929142,1.46469350194097,1.31095244960599,1.49559721882306,1.33853644773524,1.49822038051108,1.70465307181781
0.990607699631034,1.42647320512363,1.27179373076984,1.54598009313806,1.34528445948927,1.60056152700149,1.67043525284939,1.45213656195572,1.36436505366761,1.22380213783498,1.6378892525154,1.25264436382263,1.59978423528373,1.73957577128675
0.998186588585874,1.62750252848462,1.38086095236273,1.62566977962752,1.42841011918485,1.56688847334117,1.77034930142031,1.51976398391703,1.60453872710522,1.38835395851673,1.57503671802744,1.41378600016263,1.62568777743727,1.77721131957165
1.01246958020518,1.45704454192681,1.34156869560033,1.50688891353965,1.38528811317859,1.51589928963862,1.61737890272123,1.44968796927666,1.54177106968105,1.38993851527349,1.58352234627192,1.43765106093133,1.48133139322007,1.63812217483486
0.952594126623904,1.32209782636053,1.29389942875712,1.3602639098994,1.29372432033554,1.42798130502624,1.50998772459362,1.32933082003864,1.34108443326607,1.2735299810334,1.36416550362996,1.29987827559787,1.45132244255016,1.5411420503679
1.08349420651247,1.5524924208424,1.48583096704062,1.42795215502177,1.42484851500144,1.67210669989856,1.88197590789872,1.52018324994722,1.59271673311426,1.38840964489531,1.54170676291573,1.35031098304656,1.68017419269856,1.89782070020835
1.02175174162151,1.52467904716089,1.32505506594806,1.37314271398866,1.34941913727931,1.51678628356381,1.61070739308953,1.41967427868129,1.54736062043334,1.34037204112461,1.38458060950376,1.37958804279714,1.50377254865386,1.63792828888635
0.944483293248368,1.53242349260528,1.32460243382935,1.32631300126805,1.33298969963512,1.50059212160517,1.58168555938915,1.49854892961729,1.58200474469265,1.35098732527895,1.37455493912977,1.42121902565149,1.47888550471814,1.59419307868446
0.987325747642596,1.40400993146102,1.21976170477872,1.5652724570203,1.18650877124628,1.62910321687543,1.75761783071544,1.30995003327303,1.64358800240891,1.39654304202443,1.48457091344173,1.41164598036396,1.59629086133312,1.76983499524271
0.974084516683706,1.4276541698843,1.38843452409529,1.47275710081601,1.3875866396027,1.40260105134358,1.63557930753419,1.42871913678073,1.41296279981267,1.32194416800138,1.56600076105536,1.39617251305652,1.41688776314259,1.61567677370292
1.01678577071255,1.70222385928706,1.43751007469801,1.61947171313422,1.49394973951943,1.63518312413369,1.84278458151324,1.61394840097002,1.68240236331772,1.40241830097782,1.57715762054311,1.48474007483011,1.66587536954948,1.879555647546
0.951086454718344,1.52956469755995,1.2370422244072,1.3797444539555,1.28336572542781,1.43878510080803,1.61046133356839,1.44562240549334,1.48470243249815,1.28762198419368,1.40062383456273,1.31424463630618,1.38083826661889,1.60103687919242
0.868583974227234,1.47683892973472,1.38885950153031,1.45792977376418,1.41376441417326,1.57443202407779,1.66978954836163,1.4491583529654,1.50499041294217,1.35652488821754,1.37871004337758,1.43798734642127,1.50066614797316,1.64230687904091
1.05762872217324,1.65506248756235,1.416026287596,1.71471822703624,1.53011048305336,1.68143991342031,1.90279342702115,1.61122906866621,1.63352979733957,1.41614118923298,1.68435283475351,1.49521556930212,1.60059942670216,1.84984769717359
1.04052931553107,1.66289820549628,1.42476878619373,1.48296891952368,1.46875212593308,1.52858003726253,1.78923897638253,1.59303493182533,1.61028699440386,1.41968829754494,1.50167873079613,1.42235626005919,1.60678411532292,1.78010112356969
0.996186487270422,1.48777122325064,1.2969696756841,1.51197810953498,1.23339277102032,1.40979444707206,1.60426647605024,1.31274809532719,1.50125964774374,1.33936652576247,1.50639409075181,1.3277791326906,1.39711565029783,1.5931607418569
1.0036656640578,1.55295401944734,1.39987135060515,1.55179687621914,1.4175012820349,1.52844933680529,1.77053401152293,1.5061016133376,1.59064200854942,1.4021779149707,1.57729646274788,1.44278985394162,1.50546245024218,1.71996125714723
1.03479136478309,1.5090644936155,1.443449868244,1.39455097809982,1.45961822784179,1.44435439764614,1.72522620060546,1.46395607759601,1.45095074481145,1.35815411506371,1.35529409904303,1.40260759966004,1.48611450297807,1.72427668919296
1.04124858407747,1.55834364517429,1.41714099737139,1.45909881310985,1.40796253391781,1.61359399262854,1.83883592932374,1.51640909550458,1.56812307870123,1.39335464752029,1.55950645843619,1.40192265765345,1.59416123119633,1.76929482898197
1.03021085746889,1.49419724146648,1.32994882542612,1.48230083346367,1.33799121571425,1.56048300067994,1.62733681309132,1.49446867359344,1.5132121544188,1.27773773179359,1.51208268451986,1.34722426470126,1.52674005175597,1.61508483749892
1.06173677881255,1.57607934740642,1.43667948106304,1.52634076022864,1.44685027266481,1.65879529773308,1.70387684238391,1.52002216635137,1.60449616785432,1.39404441174279,1.58979028505221,1.48617812585402,1.6377378021758,1.68007597101457
0.909043430536985,1.3163094700677,1.24431879792409,1.39336594685253,1.1955764789208,1.42880411775907,1.55612565664386,1.28971812157469,1.37015007057787,1.21873657429593,1.32169413825913,1.24738754516164,1.39697970692502,1.54492916657117
1.11468874839999,1.65610795339256,1.44856926209324,1.70871654279255,1.4711638856424,1.65367556972937,1.82605001076297,1.50320173506884,1.72595843848914,1.4314029634684,1.695356922046,1.44399568908895,1.63648276716654,1.85278981436826
0.967425307798608,1.6675533380924,1.36900932446492,1.78677742715228,1.43098746056578,1.73795920127914,1.92124054682413,1.53417081018553,1.61032488586158,1.34543739173003,1.70548842315785,1.45678919278867,1.77637224309884,2.00891791125108
1.02523293466001,1.38115466612308,1.31877528057303,1.45389782360622,1.33088653759269,1.46237490477443,1.57674303852207,1.33681633723808,1.43856828560605,1.28260048042751,1.47258644536285,1.31667451324221,1.41921140530601,1.54341041529751
1.00377494008234,1.4905670142643,1.42799318910251,1.53213940794897,1.48010821807198,1.67065306000298,1.66738497996383,1.51470675947119,1.5784657274801,1.3951976080484,1.548882405677,1.46771915284241,1.61606607072712,1.66005975188211
1.07882722606303,1.63104467923094,1.395658028031,1.63403459979689,1.44773593155184,1.58665946819814,1.79711261058859,1.54350684615665,1.62282866076098,1.37635772304077,1.53545628069492,1.50105802240506,1.55325210127094,1.75575602266294
1.051837984112,1.56222101024298,1.3308764273972,1.60136699655818,1.3895689528915,1.58474318263818,1.70734315756826,1.51341160628966,1.5476998331475,1.33788303609552,1.58038881994985,1.41307369162589,1.55028085818459,1.68917459662598
1.04163307986574,1.50251924495996,1.36294439946417,1.54198122434737,1.43091854927418,1.49167513094015,1.61062603521429,1.48879423282521,1.47635904235056,1.30507007925443,1.47579127225599,1.38538206922531,1.50694514190434,1.59855991016221
0.991134198912739,1.52290036569694,1.30282392738534,1.58170502117657,1.43036167682746,1.5913978387453,1.70347519696959,1.5130871965991,1.53426805943575,1.27745613713503,1.57331267863767,1.38216594075318,1.60798408951819,1.74227376754951
0.913112867451861,1.40465600935392,1.21581423350211,1.45607328557044,1.25217424665498,1.32685197149843,1.50667833280721,1.35415563904549,1.38333363721245,1.23383479126727,1.38276162842195,1.2927814766627,1.33564448038183,1.47841269561171
1.00733477521327,1.43378178521938,1.27094498663942,1.37382568443898,1.3565873096114,1.39498907482842,1.53955696125237,1.44966336863461,1.42977297993929,1.26015173086833,1.35395564828182,1.34340269211121,1.34889000001728,1.55584939788106
1.08570315538885,1.62860122134893,1.44026292800244,1.6165266217842,1.44291106256595,1.61390676991693,1.8138696226619,1.52619075275356,1.67194478487521,1.4412217579257,1.59725671929421,1.46454873927554,1.65035831296906,1.83322105763549
1.10898719129689,1.69150036585828,1.54284418607854,1.67245206674734,1.48715889222299,1.7105115008248,1.85015022022128,1.66086876813307,1.69267910632835,1.51158236454066,1.67893611565636,1.54539215343275,1.61447098776884,1.8707128859063
1.04406142582936,1.5830202840454,1.39205307186156,1.59728306816673,1.37648630121895,1.58499814124628,1.79424089675707,1.4949365992685,1.64157466367281,1.33677269992659,1.5196332651573,1.43439315267972,1.61223929620558,1.75612592558632
1.06666749536633,1.55952669903396,1.41308541023691,1.55821403276687,1.40126564044159,1.52299853072447,1.67975696262994,1.44433650479854,1.63068121916676,1.38940063702422,1.52046262297039,1.41024869044152,1.5008851176695,1.64475489149623
0.980499831951253,1.47493922302918,1.28353382534086,1.64044486567526,1.33659321437256,1.94866258145529,1.90093570572956,1.44267491128418,1.47352380759243,1.21641089677704,1.55401853292803,1.26339697979398,2.03068027136137,1.90916850160438
0.992022604666552,1.42937469121587,1.25015978169966,1.44945376098427,1.30934470155498,1.48891103713863,1.60140250786902,1.3846577989477,1.47354568450293,1.21068067984768,1.46336593098574,1.30233536279006,1.48893829275307,1.57426608564131
0.925164596059106,1.51076476714604,1.42135866673009,1.58776393604972,1.45141354958489,1.56399051685753,1.86566771339029,1.34376723165796,1.55706587199276,1.50798446451845,1.49617390253153,1.52729266381917,1.47914047242846,1.82732638951314
1.05401217055678,1.65579563534825,1.56330480117991,1.62819335650236,1.61456228183685,1.5816080989362,1.75878896018652,1.67015533088184,1.70406714696733,1.61513938337294,1.66139640296743,1.6435650585923,1.60141873437358,1.74671772745104
1.00742230939258,1.49510766453849,1.33217899028085,1.56521517800553,1.31780576800714,1.47544861068766,1.59245944138178,1.37845234228824,1.47782965590083,1.32670702432421,1.5800016294564,1.34411427033242,1.46060384722317,1.58583782685797
0.949983860615274,1.1634130585134,1.16831769702562,1.29234841174093,1.12995356985319,1.34039942238577,1.47614483013997,1.18736429019112,1.17893081319749,1.14150217592808,1.36330903579892,1.15817613325481,1.36345450981458,1.45040432069064
1.00036842346619,1.43467229047867,1.32994871268683,1.41294226628921,1.31131750903387,1.41810034998196,1.69561036996845,1.33083891738759,1.4579538503699,1.27717375956152,1.45259478961007,1.32362081720897,1.43902813462501,1.67382723956465
1.00810074682037,1.49947485766345,1.34002034429147,1.49365264169428,1.43035312220008,1.5368695441298,1.56992306253198,1.4819041582002,1.46834472467554,1.33173806540443,1.48828419296936,1.41130063570795,1.51146454021666,1.59671839622001
0.997119274758201,1.69248293404267,1.41253415080115,1.73076614279013,1.41101298888325,1.59974967544362,1.95663312786594,1.63889299113242,1.67060899090314,1.43938167503742,1.80956874382017,1.47710772512032,1.62791842396454,1.8783559109291
1.08110536100451,1.51598233836517,1.40791466728108,1.58819068981197,1.38656892469406,1.44463728694131,1.6966176978332,1.49917003029102,1.58367332932615,1.43444144765599,1.47129613752751,1.44256860123947,1.47441323840287,1.69645035062444
1.11925038801573,1.5627989912113,1.50004626641996,1.52794176324418,1.48832438465805,1.24680102721665,1.67680518560425,1.44470982790543,1.54489533014035,1.43309898306816,1.60283464607636,1.4999107306784,1.20897044796356,1.60567439755007
0.966660238982399,1.75415198723278,1.4792016454102,1.63478671389968,1.52180112005279,1.86357156724284,2.08042094886135,1.54033020909703,1.6812500215477,1.45882092824758,1.73801607856099,1.47971796780865,1.76627441263327,1.99987210045705
0.972343463322212,1.26075859622378,1.13203699959443,1.30192630424243,1.13691047353266,1.34922313522928,1.43265579340419,1.26309960859952,1.28518948158028,1.13808945806765,1.3435596767098,1.13267413290959,1.43015632514031,1.45266175525625
0.982789419381551,1.49262224203425,1.27961360407777,1.39123867071968,1.31994045240991,1.44507790088434,1.60986889128858,1.42720447748293,1.45176874815367,1.24080404093014,1.36223206013636,1.30016744676544,1.47553260929613,1.58977435569185
1.04624924126292,1.42380124347683,1.31107463894096,1.59767779643955,1.31425928750795,1.6420287484965,1.72646853953478,1.41894809696453,1.38964556680742,1.27523684939189,1.50085801842989,1.33981732085833,1.57095768835369,1.6554713166095
1.01186639694643,1.57944763988511,1.35102007519659,1.57227417382087,1.41845904826899,1.55701585414891,1.7744653274389,1.55281555919442,1.61192204965595,1.36835894973773,1.60648603942103,1.48576923038191,1.64294469490983,1.84293730414432
1.05770964546508,1.71177553064455,1.51253828611694,1.64741686056232,1.57257614513372,1.68921721373265,1.82474779752153,1.62596283682057,1.65116932618388,1.54868325798678,1.68836031231825,1.64448342232145,1.70588734945153,1.84087600927669
0.939130221417552,1.81276604673614,1.43220319259913,1.7260703875227,1.37441791693505,1.77382366109621,2.03310566267863,1.76797505272618,1.83240091388251,1.37215409632413,1.75661137119188,1.43715437420138,1.72282092768499,1.95612017694575
1.13810681256037,1.45220106263134,1.32587791877532,1.55889064549606,1.37359123890389,1.57800302267749,1.66020358808925,1.39196273140648,1.43806953579346,1.29591797907612,1.5016593606899,1.37894711129997,1.57797562811261,1.68837164344248
0.991781549595798,1.32825052622667,1.22437907100334,1.38161571744744,1.26702640222949,1.38364517211914,1.45573412669801,1.30956352117607,1.39038137242595,1.25083801665822,1.37988222687225,1.30119262382669,1.38902291770623,1.49507980159951
0.987820878306639,1.47173951513799,1.36172880871871,1.51884720883864,1.37899094080848,1.52129153204705,1.6453113490269,1.41823627164807,1.45671400066649,1.33481355338107,1.58139607277222,1.3216667305359,1.55078161715892,1.63702720778543
1.02235432457138,1.54165322278339,1.29585016339669,1.41819245491316,1.39753150369526,1.41372737314326,1.55873529350789,1.43709064061188,1.50906768208962,1.33055132922434,1.42477072252168,1.35476345736309,1.42639341074396,1.56766838916811
0.985101355697493,1.53283501899081,1.36312371123716,1.52499025362509,1.40465566448962,1.57294057102845,1.70213032633231,1.42094731349205,1.57450020020952,1.36516506481115,1.54498899319857,1.39710484484187,1.54749025240904,1.72142018955533
1.16847246463569,1.51121858275528,1.3809918433176,1.64221668188091,1.37939722214528,1.64329700769727,1.78358571287993,1.45078011053028,1.55995391518247,1.42450458052374,1.64594481745642,1.41869293597291,1.61323803157023,1.72476164111772
0.980710676402338,1.56966819141108,1.35674386094828,1.52909680134841,1.3460105349529,1.51750108339643,1.72222257776704,1.47801017856075,1.58770412138546,1.33724663938454,1.58171640570778,1.4111956956956,1.52671060359574,1.74089235496883
0.961452174999497,1.58449687268835,1.29257497368242,1.58824747688172,1.39491605331945,1.53095208018115,1.6780228352828,1.53453370052348,1.56549194065004,1.25417380691637,1.53957347877515,1.33223416270468,1.55068380083059,1.69313668387264
1.05479928402222,1.50477730689252,1.32095132960203,1.52302834077461,1.39901919569783,1.54618140433216,1.76333433662411,1.43705631187008,1.47058193967701,1.3141731295147,1.50369771464757,1.34612402666538,1.49689996203395,1.64497293740091
0.982886230102693,1.37019106098879,1.25570645930636,1.46178242275583,1.29592199714108,1.39463610290792,1.49576696657623,1.33955845976186,1.42797577037956,1.20752780085563,1.4826238937676,1.27364042046583,1.34796523807918,1.46451722827566
0.98330643735513,1.51152028152573,1.36724091349067,1.44169790238676,1.35771576585958,1.38942115175522,1.59068431889978,1.40205017097564,1.49402732950735,1.33584737855591,1.39915860648433,1.33772562213332,1.34654457143033,1.55699259035766
0.911720870231439,1.37798506555937,1.27821021390845,1.66456109829233,1.36605217052358,1.36292136948349,1.54574763033392,1.34887764767351,1.32510057548769,1.27592526827546,1.66202300053699,1.33003964317573,1.39236510920414,1.5584895581119
0.950612341372354,1.71200687166972,1.35216959515762,1.56154155839573,1.46083010345789,1.59674217564636,1.80659150800434,1.4744151894111,1.68446381037901,1.3392122164717,1.49214605674332,1.42765965389295,1.65997814096602,1.85443943109944
1.04226524424759,1.61997195774542,1.33297762929531,1.57358924746513,1.39290199423796,1.5359797538283,1.72748378628216,1.47048094506726,1.59217066497742,1.34789339298135,1.58392973871343,1.3549182002933,1.53678947427998,1.70110746244038
0.945731009143284,1.55560804688792,1.3811488129112,1.5379103857239,1.37916810439796,1.51864893584416,1.7077333079791,1.49832981092178,1.60394608966287,1.39272110137797,1.59103120149066,1.41815252206822,1.40674544762361,1.70323295306368
1.04489697585079,1.66373222510284,1.40157761697081,1.52179316178324,1.47531198665438,1.66426247791539,1.83754820399033,1.5370629232128,1.80436353064118,1.46129823690535,1.56322374373815,1.56163906716203,1.63666852845614,1.90163403547416
0.962981368428555,1.26439344098961,1.16899688055237,1.46670125140283,1.20823374354892,1.60396305569919,1.60289936663147,1.26244416288256,1.37907105239519,1.19523331559616,1.43022389583392,1.21441180639565,1.60936135544841,1.55060415996857
1.01677234947317,1.41656543324219,1.32641049596727,1.35418587491568,1.37741972195867,1.39910169330876,1.55326342392098,1.45187487802845,1.49215604207757,1.37059585447613,1.37220693393877,1.42217169827817,1.38360819187057,1.59188460016153
1.06524941366498,1.4815707150121,1.25176355342766,1.39039889266414,1.30986037911775,1.45484287267932,1.57077869667112,1.4288987292542,1.51635376348767,1.26301001187313,1.472772233025,1.35350484046163,1.48690676492233,1.55302930925343
1.04619810688496,1.57295173422485,1.43200501838471,1.52876085639,1.42241864579373,1.53467208267767,1.70602013050887,1.53004540764375,1.53265991039438,1.32848095119673,1.59636002684845,1.38935563225568,1.54633810726802,1.71196303951497
1.0532623019209,1.49049524925928,1.31406306813817,1.41080395849408,1.34655973144745,1.59648098454986,1.6859859465971,1.33472828403983,1.51094653624286,1.29608821693745,1.54135081308697,1.32841639288299,1.56003105778649,1.59087343043403
0.910671446304978,1.4614428489789,1.29078965413265,1.56704672781626,1.30712733486394,1.40385908072757,1.60356455274242,1.48980468222677,1.3720769940425,1.2739202386632,1.46733220539859,1.27582092988418,1.42171396000415,1.558315447133
1.06985720321214,1.41590988794279,1.35452506797116,1.45681415917137,1.38621673757233,1.45491300465703,1.56818068536138,1.42138659186514,1.41623412100096,1.32943575700892,1.47538246711095,1.43445464448752,1.45857228431574,1.55387593139824
0.958180066435088,1.24803918390661,1.24879696601304,1.41092170635573,1.29555766395707,1.56925084320501,1.52127704583024,1.28016780859791,1.40200527330247,1.22421486914655,1.48131027736815,1.32629584445758,1.53787094593048,1.58375717519555
0.983738116858215,1.39518728814406,1.23287315011413,1.34127804504173,1.27648549780039,1.38041813885662,1.54998965203411,1.37234184264614,1.33027630762749,1.19893560370679,1.27462090302962,1.25270352436981,1.35795291034896,1.47866606494497
0.97282518570131,1.52358230222123,1.30606911094227,1.56728181206928,1.31348588725306,1.66483872598891,1.71732735060729,1.42464515757786,1.52283966533959,1.29162159281976,1.57429828459784,1.2651885971682,1.6017916144983,1.72685989750665
1.12522453142081,1.61415238854308,1.3742625724285,1.67548675951383,1.47877111184776,1.57724325187329,1.77091506648412,1.56168463518567,1.57357179402406,1.33525568391157,1.65278681512397,1.41129487486091,1.52500947934473,1.7677307812079
1.01838603506658,1.61205455528347,1.49664183325361,1.55004233177751,1.4789335140315,1.58259118404367,1.79360292108195,1.51525042578171,1.692596937379,1.50638575665861,1.56879946687005,1.49191018662781,1.59896674952229,1.76420942515044
0.995709325586047,1.43466492931438,1.27851042311649,1.35769870534303,1.27896405517685,1.43197525514614,1.47895492710994,1.33321433928027,1.41181081418451,1.25073048409899,1.3650339722089,1.23338979789318,1.41304214536133,1.47691153069681
1.09148806437202,1.58650388622512,1.47300596092058,1.45327084824659,1.52896201950071,1.50414485197801,1.70156898776258,1.49388595861129,1.597068711982,1.44056232906562,1.49883599903273,1.56800698532382,1.50798753203387,1.71744967408308
0.840566037452384,1.27661252554795,1.10542666605413,1.23597621722053,1.20512070100309,1.26943809605912,1.45818451524193,1.23687267668253,1.26009745607747,1.06910150648371,1.22171154265341,1.19536192331504,1.23506553114438,1.40923444613238
1.02610298004181,1.49070519001601,1.40693918092314,1.59339063779949,1.45166651988675,1.64038835892087,1.63653398648031,1.50078281014101,1.52949987718926,1.40245672047925,1.62306293748101,1.43089467123623,1.57147620083377,1.60633565439628
0.998360456759671,1.5720720448328,1.32314874801115,1.5094153103363,1.38534288997962,1.56956706924233,1.71718628556606,1.48057114870617,1.57303441752142,1.28316787540293,1.5692807653652,1.33796284819508,1.55514383073644,1.71769763614594
1.00256871821079,1.32670641526136,1.27834125572644,1.45995747563969,1.32216274143611,1.23571585562921,1.5088708128112,1.3051823965705,1.39634136900126,1.3212175256988,1.42308763152172,1.3456171396275,1.32987153951201,1.54823019175297
0.832564094497581,1.21990873024117,1.1897406736641,1.26947281218816,1.2482298352401,1.37052203669368,1.39271543971646,1.20715841176922,1.22207708865869,1.16982035450694,1.25425874187897,1.22180553495629,1.36753853725507,1.34271064980895
1.02200054903825,1.52257097016297,1.29370086375136,1.47537526389745,1.41007027663136,1.50475242931441,1.71771602328688,1.43498505422531,1.52330361467297,1.3336762898794,1.48874385107487,1.46059056231335,1.53657026268115,1.72810470458434
0.996594608147094,1.36008433054926,1.25371181773943,1.4496421941063,1.28266386782737,1.44103274713544,1.5144055496465,1.27794504772893,1.3480748296956,1.25659309634285,1.33169773525924,1.28764625705708,1.44955307517591,1.5268237912913
0.917877009505793,1.24799403184497,1.12481565553829,1.39182940604156,1.15323558385991,1.53998128665249,1.51858766453545,1.21947120396278,1.29825045377755,1.09513025857524,1.43391970307881,1.17318558029538,1.52958940057194,1.51453473340184
0.988336433046841,1.54786562105553,1.36097368574989,1.4548704901136,1.39343010580655,1.58039234249805,1.65034503452631,1.44269465558003,1.54062298120207,1.32756871703087,1.48797956232855,1.36859630411992,1.61067460898887,1.68418007371372
1.08602207726639,1.74444302588181,1.36762401534591,1.72953730986959,1.44712978291386,1.6726838386585,1.83807094706013,1.49325920333617,1.69045484352464,1.41491808083544,1.57281385737239,1.49034029589215,1.66100030239757,1.80488264798669
1.03759895730764,1.66890235957288,1.43219434440844,1.56895004929975,1.49521165834188,1.65131229807253,1.77496323947022,1.62617022804375,1.66567170549791,1.38468656942772,1.54310106795568,1.45060381212391,1.54240827587829,1.70326083078612
1.00920938668044,1.50268397072874,1.34191794406909,1.5138754380437,1.44113896470938,1.5771094555536,1.71895310335384,1.49877318679281,1.50843200827252,1.35258463153561,1.50284964855262,1.46323801548182,1.59079369405905,1.64103412318194
1.01799124356651,1.52215518679555,1.34067041248065,1.4804167055175,1.3661429341388,1.48542200750176,1.69567161190378,1.48854015538077,1.54556303497345,1.35809042210599,1.46836452258356,1.39882451291994,1.49377298837199,1.67649504068028
1.04178060952533,1.30992328714927,1.28013067692518,1.40454727288947,1.24977840727435,1.28594271199365,1.48381176233683,1.23322844287119,1.37066285370049,1.27077896712073,1.51085275813701,1.27335870801284,1.33023827003185,1.48645023272176
1.02703951263346,1.60803148749469,1.37275823320285,1.53158971634896,1.34306713352807,1.53351168029508,1.73687630249238,1.48075251178578,1.57484815449277,1.37970382317828,1.56050165280894,1.45381872181046,1.52035738937147,1.70384818816783
1.04666920304298,1.55702286525989,1.36111299199511,1.53848476189397,1.36634901758126,1.57919904102122,1.83004696491564,1.40798424541901,1.57844249422898,1.38801100263788,1.61075709395141,1.3791175063826,1.54804700191902,1.78289962623299
0.955778396440396,1.18433306038344,1.16328299000146,1.28888612314846,1.13432823025479,1.35754642368518,1.42770285950953,1.27039167350581,1.24360933403047,1.17525293276686,1.18500127114171,1.20802884261264,1.28192043325555,1.40234614939994
0.953620505972384,1.20259969469405,1.09490947697855,1.34343553088897,1.06865572111424,1.44297126960628,1.46977660941471,1.17994279459596,1.19168604644596,1.11660528645215,1.26110728554369,1.14464804082454,1.38759663084604,1.38100551331139
1.05660849745898,1.61515748395095,1.45869949040538,1.77511014302856,1.51782920596466,1.5662861954455,1.77433460340768,1.66118457848683,1.53324871568069,1.42216517613601,1.75880679228003,1.48329919762575,1.58549305192886,1.76530528007532
1.13786953059025,1.45558002380191,1.37424022758712,1.67492234370762,1.34533340510067,1.6025181221294,1.66426418210094,1.42549170745231,1.46358763419727,1.42578496353004,1.62077606455576,1.37236476483238,1.53544323486194,1.65471613164193
0.930894945810777,1.44932450689565,1.290268997745,1.38463417779702,1.31089586223033,1.39314213686923,1.49721468810282,1.36567502903906,1.49183817608881,1.32176077238706,1.42371099456968,1.33778970107003,1.3813014654844,1.56218021517574
1.01549067175562,1.46697995919108,1.44179696767539,1.63399679848536,1.4713510341379,1.61923717542275,1.7482725051861,1.47021745914235,1.539017710937,1.46011898319875,1.73062803828164,1.49305270954039,1.59846446193484,1.75872885908478
1.02131827502188,1.49189828322639,1.32044305580481,1.47447909641525,1.33931563260552,1.44899531556677,1.56623027379485,1.45551137240631,1.47565350537479,1.28804359082898,1.46813058975346,1.33871386072637,1.36542515138642,1.56111338181496
0.924785204198228,1.50716627426944,1.28025668399145,1.49021693840509,1.36854390841213,1.47551528930378,1.70138478837419,1.44939008155727,1.5867075479925,1.37069398563359,1.46184470801773,1.4831628069426,1.46552032665652,1.71270874187709
0.984962728961569,1.34612998194839,1.28313566456836,1.35474238662466,1.30056065034554,1.36056192597577,1.46153346366197,1.32209653796314,1.3590250066124,1.27090613461737,1.31809226050158,1.33827098979331,1.36703180905544,1.44492668518206
1.15655509000102,1.60107652481364,1.55040451201852,1.49280239989626,1.55780893954003,1.6425675429196,1.68733845104416,1.61193750666908,1.65880563892174,1.51089543385632,1.46211404187284,1.56885905805982,1.63325582423279,1.67494556455509
1.09748241762175,1.56336479951506,1.41868258854044,1.49731484108976,1.44628742962303,1.54714910062933,1.68140169913726,1.56090177525109,1.66675560094639,1.42746943613997,1.63741829614789,1.51324891210009,1.5521711200925,1.66557268220152
0.992190794628343,1.33051805858843,1.24793057192741,1.58610324694642,1.21284949594026,1.74812535544237,1.63861273111087,1.46272645228016,1.36729730508072,1.2809440533057,1.54439398492446,1.29601686954892,1.75166779152205,1.69290303985914
0.994094603818885,1.36218536426865,1.26873383376416,1.37333147822088,1.2352917091791,1.52040669736185,1.59451055358208,1.32185021283737,1.39884930909324,1.28907186158182,1.42226949521473,1.25954565004829,1.4963795915246,1.65353643235421
0.988394983875823,1.56132031237819,1.40388476811375,1.64140891192438,1.49137267297728,1.56973620980784,1.72406884596766,1.46203739758106,1.64850927273491,1.37890638239866,1.65600542397156,1.47410264281922,1.59532297860228,1.7159757487332
1.04622787129286,1.43247563081966,1.30307001378812,1.61538863753619,1.32210731525113,1.54844139294284,1.72195166325787,1.4187246900243,1.5264935215008,1.37743218181652,1.59134695641428,1.42715212278686,1.57137679834917,1.68669685675475
0.850964204766429,1.57169684212366,1.24201072311887,1.82592962738478,1.35300129711754,1.95511241501028,1.95336757350046,1.63168859447822,1.52932215534577,1.2607391643025,1.8789121332841,1.30791431460538,1.99689431879669,1.8504295387974
1.04794010886403,1.60246316585455,1.42634794279197,1.47948078463957,1.46005288060587,1.52370238154659,1.89619936048985,1.56547371292532,1.61931556694282,1.4488551892439,1.53989799443261,1.46600994825792,1.47498484230687,1.8762687999664
0.979998126250355,1.36601189715623,1.25475236962768,1.32479814461573,1.26672785285755,1.49580306922835,1.53678768269997,1.30220265985835,1.35361606924449,1.24142620545527,1.3827423036997,1.28474732065911,1.40460086037301,1.51959210347299
1.15793807457403,1.76480588858037,1.59403769827451,1.59897255678118,1.65825406670736,1.66161550612285,1.86117815853863,1.65353919836059,1.74009864040116,1.5340724394732,1.5490909629372,1.62693945098309,1.58837692977409,1.87260985151689
1.01154497177419,1.3051800080939,1.21258795596439,1.33003863475427,1.243516964201,1.34759842010238,1.43123460437498,1.24284465234881,1.24874873088292,1.22821951429766,1.35173717465612,1.21618230112493,1.36570092382885,1.45763598099948
1.04072111279324,1.40346166458848,1.26414353714513,1.45559836811327,1.30370188544868,1.36779926641239,1.47450786278361,1.38592949386865,1.37638714559056,1.21627486924656,1.45798613708204,1.24684847974831,1.34409021569314,1.50701029072428
1.0101231263043,1.31399276895767,1.33873149647713,1.31731950509839,1.34922639225448,1.36778035142621,1.53071740603728,1.27414662050947,1.39604540843722,1.31699446846452,1.37968687306751,1.37344978526796,1.37008144258598,1.50212841335724
1.08393060240319,1.85674309128947,1.50589351516087,1.92382737213766,1.58743140576776,1.91172504129611,2.11188900554028,1.7778173963482,1.80137365781845,1.58589770222498,1.91054048027311,1.56449862819125,1.93152525517248,2.09969711218317
0.881526713579834,1.40437283009956,1.21653034134175,1.34483289118324,1.2246676728104,1.39498215269753,1.60773687975405,1.22878284778209,1.39716763910339,1.21677964598839,1.33879700589726,1.25478165264998,1.38411501027974,1.65186689173883
0.879509292528903,1.40073822342039,1.27274896581587,1.56797545999768,1.31751404859811,1.45667810903655,1.56290731947653,1.36421793798395,1.34137474895127,1.20833425720919,1.54393305628045,1.28736866596778,1.48921008855596,1.602145201011
0.92263982186192,1.64376224143948,1.34313413865275,1.58771842034323,1.44104534755961,1.6330569632297,1.80698227490118,1.52384921554278,1.62812246791347,1.32312439589893,1.55313176361483,1.41491852847695,1.61585848945465,1.77085230740228
1.05973818442808,1.53524412990897,1.32988193932832,1.59761630026799,1.41835218033469,1.66119352934619,1.69303190679992,1.43552538158533,1.49417919172776,1.29615011802647,1.57830777632006,1.38394496883619,1.64298234047259,1.69361640929846
1.03751411908551,1.46198426473058,1.35097042349882,1.39050832170027,1.36695778332014,1.4511631832804,1.63377132975352,1.4176689535104,1.48469170367887,1.34620143239235,1.39806119293878,1.4050376444735,1.39915226539134,1.55906851187708
1.12265161808136,1.6304712881735,1.39380703119917,1.60554260459866,1.47297527043991,1.62815969036176,1.84852344339977,1.50828268129912,1.66552188804095,1.38335126112102,1.59412229935066,1.44818639700347,1.55949269306092,1.82891586720154
1.11527928728418,1.65815327863996,1.44897848198047,1.58913570951084,1.51434069523549,1.56622846477983,1.679069993732,1.51852171077443,1.61082189933763,1.39431504718765,1.48055603087686,1.5226886446713,1.58165837088121,1.65857898633657
0.836674688692643,1.6868412903252,1.35643626803941,1.63623872330343,1.47747262993749,1.74156183827116,1.91602030512038,1.62048641978258,1.67944119301357,1.33140374438183,1.67589183521878,1.45074020442237,1.75701239587817,1.92866986270835
0.953472094947236,1.36954740041434,1.23354638574018,1.28405334306235,1.27413747014812,1.37008026859309,1.3985774453636,1.29673220646583,1.34361583420067,1.24438967649359,1.32262720984061,1.30790117182367,1.33270613324258,1.390807324944
0.959251432497966,1.40973825558562,1.22788164999356,1.46713157620191,1.25674267834312,1.49770108753818,1.69307558241973,1.31365471332244,1.42580874419973,1.26770119813934,1.51987213352738,1.28704589651358,1.46728789054976,1.61987777255504
0.957735149019371,1.34700260856346,1.22280646981474,1.40244380531454,1.17604086355286,1.41144925611882,1.49516605962942,1.24138581721394,1.20642403676326,1.14125567614639,1.3113134529155,1.21638281673463,1.40424287562628,1.49477789548711
0.988607300038369,1.53437267254471,1.35665647576249,1.5461690412516,1.40990457880934,1.59314447260016,1.75813658752801,1.56039182455965,1.52335894428407,1.32820706630054,1.45442357784823,1.38900867575447,1.57058125271116,1.76423509467165
0.955307319052989,1.4776548879087,1.31202126000998,1.47367711306174,1.3336110501633,1.50728170240229,1.7205617557147,1.38409812221279,1.46883775716621,1.28564919072746,1.45825527223448,1.27657023627384,1.46119227310201,1.67657157107545
0.981290549206334,1.49784063280653,1.34065176533597,1.4483590904304,1.33903808744237,1.61298905292297,1.63117494528965,1.42341205904219,1.58738184369952,1.40197116032891,1.54483610825421,1.45126434431324,1.57331193444434,1.67020716598894
1.04539756382954,1.66608277201514,1.5274697208471,1.60459617726467,1.54643446120632,1.75166827536398,1.86540223566978,1.50265091759032,1.65275767256224,1.53640126888032,1.56107822433771,1.62385549904615,1.75746774053071,1.81165567449242
0.952797188459198,1.34731909028025,1.20764532933888,1.30218009533995,1.22135989623068,1.41027809750093,1.49210371988654,1.38282189512812,1.37111318203318,1.24323695096086,1.31662482588695,1.28314762550247,1.42483470234773,1.49435572500979
1.02006957582151,1.4748850608721,1.28599459868785,1.48145201494769,1.35257794343679,1.46207156209719,1.56805678093687,1.38932660138611,1.4573061435988,1.28081271173,1.42784540162575,1.37638414183231,1.43435790068735,1.57719782647166
0.825716577279262,1.33854154528321,1.18854211854182,1.2302666507421,1.18064990675449,1.25551305426492,1.39386293284539,1.29017893525059,1.33694601827336,1.22750161446031,1.20014908524521,1.20575050157274,1.24543121509385,1.37451901085508
0.972269042202962,1.30079425674194,1.21334891155787,1.44546252272346,1.23268655498712,1.45539391214891,1.49877272495255,1.26951373398089,1.27784395102667,1.21148631737634,1.45602352762292,1.23289016580957,1.40079478464818,1.46492584466653
1.01802662200825,1.24698558518079,1.21872458025602,1.34496510081032,1.25766789563803,1.48578383299986,1.52774207567005,1.29921464774594,1.26964986307782,1.19202889232202,1.46605792518135,1.2288618751595,1.47971004908874,1.48277703489302
0.94656483609267,1.75755062145038,1.46480077388763,1.57292695967327,1.59347455082059,1.72152265384097,1.98451762215403,1.64974220302265,1.87929020543494,1.5593105662617,1.73969805689493,1.62626832221722,1.6956865611161,1.90992522167028
0.966138793882542,1.28812707573465,1.10566718356026,1.38217742516644,1.16900258293586,1.50256699350224,1.55939148302589,1.26852441333972,1.34670842661622,1.19751041224509,1.43331010842282,1.26083110732014,1.44844131499,1.55510841330512
1.09047779273987,1.63089635025505,1.43832489409567,1.54745967116426,1.49573348529193,1.62912966801891,1.73933834320646,1.52108807726047,1.5642181420655,1.34645489238779,1.55641944467286,1.47101137844113,1.59133675418837,1.73311072560795
0.972272112097555,1.5601208567875,1.33043795912086,1.60202893463937,1.32591290102314,1.58729446846011,1.81863190588497,1.45890574707046,1.5372674096401,1.32207006805028,1.5226824646249,1.34401386305537,1.57549060823218,1.74860276074873
0.976432061880484,1.41082641005516,1.26141185528816,1.46664270763741,1.3173380174243,1.42617741231272,1.57728511780984,1.32782484312142,1.39816704208726,1.2445920796587,1.47865338437259,1.28586509012754,1.39115604051287,1.48919667384776
0.924534966627757,1.46734667007833,1.22473670199791,1.48980974790153,1.33003172836225,1.48529861346892,1.68137304686067,1.49792683119821,1.43652765437132,1.21271411024332,1.48708479409247,1.29485317132741,1.49260443713225,1.63368643735136
1.01748274910835,1.30189682720919,1.32708592506041,1.42316273055127,1.41128409866667,1.43348334151035,1.56330934867749,1.3762968109732,1.28846953386634,1.31240855851618,1.44430998544008,1.40250651272387,1.39201344997733,1.50726141826535
0.960224448081219,1.42669647211557,1.26652098985449,1.41433089327168,1.28133506953006,1.47647070199251,1.56947314948407,1.41651972488184,1.43066253701189,1.22402951496068,1.50007558621585,1.21580341515243,1.50195345299546,1.57035588562837
1.04696690975527,1.60208657306117,1.46581819060506,1.55448049454181,1.54106895482197,1.54262406509677,1.74941327284242,1.60078362233334,1.60565056238078,1.45715665076218,1.53334802641932,1.48871369804554,1.55618731164621,1.75064649970788
0.940345033200201,1.42264397228681,1.24001504469072,1.54944070664261,1.24678980283216,1.54726304642876,1.69870166972806,1.38434851144346,1.46342218269867,1.20337779232157,1.58057085307021,1.22183509869153,1.5445836698706,1.70067880356771
1.06262544298594,1.55479110539553,1.33378901547523,1.55707902719677,1.34766013068138,1.51470162608228,1.69468338479275,1.49275700308877,1.57855536823938,1.39245700459444,1.56449552518174,1.43408054433511,1.51504369157432,1.73246878270345
0.91687552408152,1.49467512134396,1.34818190599306,1.38830679608509,1.36143643790285,1.42122453192006,1.59000960349819,1.44487406885585,1.51366878818741,1.29001851163758,1.47081536227657,1.36292232603924,1.41532550693428,1.62069641932922
0.925378785743755,1.34333799824693,1.18198957755771,1.38443416954955,1.23351813856833,1.30172137010572,1.49551692312786,1.26654863902946,1.44929254440434,1.24820377233304,1.42487262707457,1.29598605727393,1.36670436341493,1.49210722949886
1.07898700780965,1.55638013915968,1.37794365716317,1.53909531795675,1.3864750350074,1.5382807275288,1.72709274960321,1.46910787717898,1.53354019007553,1.41752008808008,1.457926970776,1.31799589974692,1.50236074413572,1.7047212378765
0.910219270619564,1.11188200352471,0.994319076766568,1.31288471785809,1.04712234522214,1.27041333096887,1.3167110561384,1.10697997701461,1.20322122789262,1.03346464805041,1.25648230909036,1.06614914243418,1.3161881413995,1.28056402724062
0.982013224352636,1.43757622840934,1.32788350297004,1.62615899579977,1.35959047476992,1.58999723865745,1.63038771994573,1.40375822772914,1.40384176354387,1.32263648127965,1.56280979254649,1.36097180974585,1.60118283953986,1.68675903153328
0.911141721287159,1.50764118457959,1.23160188103328,1.4032607426246,1.23254319433059,1.47056848467729,1.87153188194916,1.32656313424839,1.55202714571151,1.22948956735728,1.46107500649634,1.30596584707131,1.52758716004769,1.81215451702221
1.07556587250936,1.40117612058877,1.32938668216198,1.43916464525621,1.37647455033793,1.50994582050007,1.58341899561806,1.35980521151989,1.47672059635962,1.34257983041945,1.47866353209734,1.44116252591977,1.52717074879578,1.62128939445572
1.11442117277087,1.45379763490119,1.3399215458136,1.61791878576061,1.28563796725266,1.63940640623616,1.67379251938264,1.39214438957125,1.52081748212341,1.38856248620662,1.60118969235915,1.37554785264371,1.71119314497286,1.6779663344078
1.13461609433095,1.57007606856799,1.40059240317913,1.46408279523963,1.39831779169683,1.58698190817999,1.70592640709954,1.5759940662496,1.5390959808413,1.37187817361872,1.45561489367364,1.38872814798482,1.58398629139892,1.70288762649812
0.869050903843259,1.58768915335984,1.2647654769357,1.55555139928756,1.34123085446377,1.54935994884644,1.74305649870261,1.52218126135065,1.48956818676758,1.25401697516388,1.60282780979345,1.35429259936554,1.5699029105405,1.71935291821215
1.04857505781843,1.53914843321925,1.34494278572731,1.4458501008486,1.32732217334122,1.45555218962887,1.69351036596219,1.4070444570272,1.54844641992545,1.34282482402704,1.42173742253238,1.38424897137728,1.50587408141102,1.66383149901501
0.941691761116583,1.50835430711128,1.31359142414058,1.58964458335141,1.33967484607396,1.53692337627816,1.6699756472146,1.47736854031652,1.51473156001257,1.34253682461884,1.63906465595768,1.41933491989125,1.47673094132367,1.60777946285196
1.02935156883905,1.58241574806322,1.47895307859163,1.68914101611177,1.49293086101626,1.58610663491877,1.81427963174864,1.54723245753029,1.57290475046327,1.50116133937913,1.67934531760978,1.54748593345528,1.52632925548052,1.77342856268366
0.944820123382762,1.36010077217591,1.2262107607027,1.28908027672186,1.27756279498579,1.38613195538878,1.56021384609236,1.29777185458475,1.32509411082548,1.19116598109112,1.29955300054243,1.23782479370381,1.32784803011594,1.57382188709573
1.21145577365739,1.72869557174858,1.60157943852303,1.54683739190093,1.62627952245136,1.77375072181225,1.86704848266727,1.6022067238533,1.69037247348039,1.50551222784492,1.59234039057158,1.64751274570796,1.75665801785104,1.88044679651861
0.922344174385071,1.34022517230984,1.23376599905649,1.25877889117898,1.29571584352968,1.29696093393224,1.48125865564973,1.32145949025391,1.33953673958618,1.24221909911832,1.26098581343334,1.28102427721024,1.24472981986224,1.42187971702332
1.05984870854973,1.43886990192878,1.34189517355993,1.41077900186008,1.40296009750655,1.43934455839793,1.54907601761227,1.40038216856291,1.43580509136814,1.29163344856841,1.4286829913695,1.30994123507776,1.40216823755831,1.51540032642466
0.944366031382457,1.32676992991339,1.32673309769766,1.45557514316327,1.22826451735006,1.39925850939263,1.57459995596443,1.30880753503295,1.33315448238869,1.30966012014388,1.46546888415,1.27541422423687,1.42021787275761,1.54383730670791
0.938202593102289,1.43879186184854,1.25038281514278,1.27642447978648,1.23341479550896,1.37077631045048,1.59633563414507,1.31439001812038,1.43598600977247,1.24322271800519,1.2753434287836,1.20988557072132,1.37285550151552,1.60029931614451
0.990161265416812,1.58310893171517,1.41595431013368,1.64714424913059,1.42481222079448,1.46609934263451,1.71727483992807,1.54045972223233,1.55857655212429,1.40625049779882,1.60108361255647,1.4321789435954,1.56510230018247,1.71599866578923
0.92750163559454,1.43285957382187,1.34967918942522,1.41654838717472,1.37296232297354,1.5126146438541,1.55653561054003,1.37229575942697,1.39206050598771,1.35573202619596,1.48962024102948,1.42531398852974,1.50665193976026,1.52952428404256
1.0498691570649,1.60377718161167,1.47672909142937,1.62546449805395,1.49902010685589,1.54600951840392,1.71473249545113,1.53601208574182,1.61003974220917,1.43339838522747,1.57417844296831,1.50348193969376,1.43674208905105,1.68728716302815
0.971116933067149,1.26676317225255,1.18188000064795,1.4166418948193,1.19290581924008,1.69779545837111,1.5999187590028,1.34571625610154,1.3707917818461,1.23942636030325,1.4657810767905,1.2422166501133,1.65455803029167,1.58596204994412
0.985693882222431,1.40755488154264,1.27449522585577,1.49954737257539,1.30599998578375,1.47654698984161,1.57957051122239,1.37184646245868,1.38361734187707,1.23355436122245,1.45540229407224,1.27913603415275,1.51978420284482,1.54815026232787
1.01280553757865,1.52720669592982,1.33708108970641,1.51807863250667,1.34686385166559,1.54242970527656,1.68230122228293,1.41980036725737,1.50806180851615,1.34770638959795,1.44755326113885,1.38373526233679,1.47897215555479,1.60218192105191
1.0155234477441,1.56082060424339,1.37476563880845,1.49914563751628,1.4031589837254,1.48511191688735,1.62464644181056,1.46534594802789,1.57448356397621,1.33554229942121,1.51683268941249,1.44804368518447,1.4982388771839,1.60587448535379
0.967965946251799,1.53130713716201,1.34337353614861,1.4886659352497,1.33013906193023,1.62323542098476,1.69959619132484,1.41987414868524,1.53511746342658,1.35086321968299,1.47545294927326,1.37223411012426,1.61851630212688,1.67886137004164
1.14683784459047,1.89997109681368,1.54776185854192,1.75408192264273,1.72008690110477,1.69071397122678,2.01284441268527,1.68243855686486,1.86996946763063,1.51551807842631,1.72665961192539,1.67277802295037,1.67288048149001,2.00219082545993
0.849965753409784,1.23011621880551,1.0906538137713,1.42521599377933,1.11755839286572,1.43756806279751,1.4573907477042,1.21969152888801,1.23139363577652,1.07022928955568,1.42615239019469,1.12212525646965,1.42463455196735,1.43097007018404
0.887712959685543,1.57285642900396,1.25806433851259,1.46845778635271,1.3139984513029,1.51818759014577,1.71387353274304,1.4506833494996,1.57049817595173,1.27767182849035,1.46260181417068,1.36073294052711,1.53956899033922,1.70746422192333
0.97891563075928,1.54500138941307,1.44988464764914,1.7712195411671,1.49095726261615,1.69068262633115,1.89289763712667,1.53024041134672,1.57949856109306,1.44209962993253,1.59950166353727,1.45479615017091,1.64451422719604,1.8530831972262
1.01501500820557,1.35427640610404,1.28213650623774,1.34728720668972,1.26488873032536,1.40276687708741,1.45601608266925,1.26267370777133,1.36314181734491,1.27459637005278,1.34678279025513,1.31547446797751,1.39684304835633,1.45505329691841
1.00170547285595,1.46648312172928,1.29884426861479,1.43761598080397,1.29697104473528,1.48652328741282,1.61086059437509,1.42912067441607,1.492413517267,1.29884516942565,1.43406294843938,1.33990555337979,1.42166810772128,1.63958542206622
0.952009547562588,1.35945717544637,1.2532346408311,1.4228187751882,1.2680511748562,1.40371734579912,1.50733966601099,1.2672979277664,1.31973694501382,1.20898549362962,1.39042089484509,1.22422481345175,1.30619001670888,1.46323783097228
0.986101456479651,1.4969160617627,1.33829232705612,1.54683921060177,1.3379236073088,1.53139074854443,1.75798495489521,1.39901587264456,1.49427586603731,1.2955116910871,1.55838068966138,1.304822189716,1.46662793332275,1.71732866191149
0.99971087808442,1.57845686633845,1.33998000720331,1.66012477516073,1.41420980646615,1.69382250756585,1.74976913208722,1.54633992558943,1.58204740294826,1.41577002493056,1.62142825675511,1.42190078947948,1.56383766730626,1.69093877809306
1.02503145181177,1.24594805678409,1.15560867058929,1.47111956062524,1.21051085996815,1.47886917315239,1.49000606417899,1.23455199382697,1.30359844827996,1.15781815150779,1.41202125087861,1.26464036309325,1.44395201625405,1.38374595110064
1.02193743382212,1.46507032464091,1.32763011179981,1.55203535960353,1.30749672733398,1.63496504986987,1.67796330911928,1.4397435388214,1.49655492515211,1.29325210409057,1.5380599765571,1.32163368257571,1.60933848466815,1.66369826200792
1.01240376774798,1.46844709667216,1.31946462933355,1.31725337262611,1.25464731394386,1.44430679841855,1.61795337041637,1.38452037447646,1.39693966273345,1.271435248111,1.32277918658326,1.26727354134527,1.36616611693587,1.50807175132168
0.835197628363148,1.34023474488742,1.22508385218012,1.3614672753546,1.20693697937052,1.34555248469284,1.48220885293255,1.32718045089573,1.34650586453132,1.1919680301746,1.3271318023855,1.22141530447867,1.3628600731678,1.50069257811529
